,created_at,id,text
0,2021-10-21T20:02:10.000Z,1451277650899570688,#deeplearning #cloudcomputing #jupyter #gpu #machinelearning Deep Learning on a Budget: Does This Startup Outperform Google Colab? https://t.co/SrYVeMSsXd
1,2021-10-21T20:02:08.000Z,1451277643098189843,#artificialintelligence #analytics #datascience #machinelearning The #1 Mistake Companies Make When Creating Their Data Science Foundation https://t.co/PW4My6WOjf
2,2021-10-21T20:02:07.000Z,1451277640422367233,"10 changes coming in data analytics 

#hclswlobp #nocode #javascript #github #nodejs #cybersecurity #devops #100DaysOfCode #datascience #ai #bot #codenewbie #iot #machinelearning #Python #womenintech #flutter https://t.co/SnsRa8HEmz"
3,2021-10-21T20:02:01.000Z,1451277614006640640,"What is ECLAT and how can it help you work on a dataset to generate  association rules quite handy in the pragmatic real world. 
An article by Vaibhav Verdhan.
#algorithms #machinelearning https://t.co/4Dh4NP8H48"
4,2021-10-21T20:01:42.000Z,1451277533375197203,"Partner serverless computing, #AI, and #MachineLearning to build intelligence into your applications. This eBook offers a step-by-step guide to help you build and deploy scalable machine learning models with @Azure: https://t.co/wCDnpgN284"
5,2021-10-21T20:00:59.000Z,1451277353821351937,.@IDC research shows barriers on the path to using #AI capabilities to drive greater enterprise intelligence from Big Data. https://t.co/plwiRCATJo #construction #IoT #sustainability #5G #cloud #edge #futureofwork #infrastructure #digitaltransformation #machinelearning #bigdata https://t.co/Uzspe7lyuf
6,2021-10-21T20:00:36.000Z,1451277259583614998,How well do IT pros know AI and machine learning? #AI #MachineLearning #ITSecurity https://t.co/ysaNUKGhHw
7,2021-10-21T20:00:21.000Z,1451277195343761416,Machine Learning is helping further improve the overall performance of GPS. https://t.co/ucZYomcEBZ.  #MicroAI #MachineLearning #DeepLearning https://t.co/Cotw4VUMwT
8,2021-10-21T20:00:17.000Z,1451277178058981386,Data to Dollars: Today's Article Collection is out! https://t.co/pvbACikOx7 Auto-compiled via tweets from @sajidmirza #bigdata #machinelearning
9,2021-10-21T20:00:15.000Z,1451277170681208836,"The race to understand the thrilling, dangerous world of language AI

https://t.co/elwa5BKR4B @techreview

#MachineLearning #AI #Python #DataScience #BigData
#DeepLearning #IoT #100DaysOfCode #robots #tech
#ArtificialIntelligence #5G #cloud #4IR #cybersecurity https://t.co/mKUdAXULhe"
10,2021-10-21T20:00:08.000Z,1451277140582821904,DOWNLOAD Pablo Bolivar - Reflect Scott Thomas Hard Mood Mix #Wapbaze #technology #business #video #machinelearning #education https://t.co/3frVpyfdNi #endsars #tbt #wcw
11,2021-10-21T20:00:07.000Z,1451277135050534913,DOWNLOAD Pablo Bolivar x Sensual Physics - A Miracle Reprise #Wapbaze #technology #business #video #machinelearning #education https://t.co/W3Xh6LnOvA #endsars #tbt #wcw
12,2021-10-21T20:00:05.000Z,1451277129455333385,DOWNLOAD Pablo Bolivar - Closed #Wapbaze #technology #business #video #machinelearning #education https://t.co/xnStFFqOh2 #endsars #tbt #wcw
13,2021-10-21T20:00:04.000Z,1451277123944058884,"How best can you solve automation and ML exceptions with humans in the loop? Find out on the blog: https://t.co/xdXfzpqDpO

#datalabeling #MLmodels #AI #Machinelearning"
14,2021-10-21T20:00:04.000Z,1451277123935621120,DOWNLOAD Pablo Bolivar - Excited #Wapbaze #technology #business #video #machinelearning #education https://t.co/YzNAyeihPl #endsars #tbt #wcw
15,2021-10-21T20:00:03.000Z,1451277121070981123,"Function min() 
return the lowest value 

#Python, #DataScience, #MachineLearning, #programwithus, #pythonlearning https://t.co/ako8Du0diG"
16,2021-10-21T20:00:03.000Z,1451277118403342343,DOWNLOAD Pablo Bolivar - Modern Time #Wapbaze #technology #business #video #machinelearning #education https://t.co/bI69OMp901 #endsars #tbt #wcw
17,2021-10-21T20:00:01.000Z,1451277111675736064,"Explore Our 100% Job Guarantee Programs by Prime Classes @ https://t.co/HLk8d1Sspt

Data Science Glossary -Weight?

#datascience #machinelearning #python #artificialintelligence #ai #dataanalytics #data #bigdata #deeplearning #programming #datasciencejobs #technology #tech https://t.co/QZvr9zuiVO"
18,2021-10-21T20:00:01.000Z,1451277111377883137,"#PubliAR #SocialMedia #RedesSociales
#RealidadAumentada #MachineLearning
#Snapchat Proyecto Lengua de Signos. Abre Snapchat y apunta la c√°mara al Snapc√≥digo üì≤. Mant√©n pulsado el Snapc√≥digo en tu pantalla para escanearlo üëÜ. https://t.co/cfznTjE77o"
19,2021-10-21T20:00:00.000Z,1451277106202112017,"Explore Our 100% Job Guarantee Programs by Prime Classes @ https://t.co/HLk8d2a3h1

Data Science Glossary -Validation set?

#datascience #machinelearning #python #artificialintelligence #ai #dataanalytics #data #bigdata #deeplearning #programming #datasciencejobs #technology https://t.co/TLcARlo1yt"
20,2021-10-21T19:59:38.000Z,1451277015475122189,RT The #1 Mistake Companies Make When Creating Their Data Science Foundation https://t.co/9iJi6ZFdT7 #artificialintelligence #analytics #datascience #machinelearning https://t.co/hwuxRlWQc2
21,2021-10-21T19:59:36.000Z,1451277005073354754,"#ai #ml #artificialintelligence #machinelearning #datascience #bigdata #analytics #blockchain #tech #data @kuriharan @mvollmer1 @rwang0 @DunkenKBliths @nigewillson
October Xbox Update: Xbox Series X gets 4K dashboard and more https://t.co/gCGnqRMMAi"
22,2021-10-21T19:59:33.000Z,1451276995745259523,"Email Insights from Data Science‚Ää‚Äî‚ÄäPart 3 https://t.co/UiNXWp6FfJ #AI #MachineLearning #DataScience #ArtificialIntelligence

Trending AI/ML Article Identified &amp; Digested via Granola; a Machine-Driven RSS Bot by Ramsey Elbasheer https://t.co/rhVvBvJYIi"
23,2021-10-21T19:59:31.000Z,1451276986475814914,"Deep Learning on a Budget: Does This Startup Outperform Google Colab? https://t.co/pZ1WokI5Ds #AI #MachineLearning #DataScience #ArtificialIntelligence

Trending AI/ML Article Identified &amp; Digested via Granola; a Machine-Driven RSS Bot by Ramsey Elbasheer https://t.co/YTkkDcjgjj"
24,2021-10-21T19:59:11.000Z,1451276900588998666,"FinTech: How AI is Improving This Industry

https://t.co/1HRx379HBs 
#Innovation #Fintech #Banking #FinServ #AI #MachineLearning #BigData #DataAnalytics #Cloud #RPA #NLP #Chatbots 
@erinmccune @thinkpayments @Huynguyentrieu @mattldooley @stessacohen @devie_mohan @sbmeunier"
25,2021-10-21T19:58:17.000Z,1451276676453724185,"Check out my Gig on Fiverr: I will submit a guest post on da 30 quality tech blog
https://t.co/RPodmUp3Hn 
#GuestPost #GuestPostOutreach #Digitalmarketing #OutreachServiceProvider #Contentmarketing #Linkbuilding #ArtificialIntelligence #Drone #MachineLearning @bennyluke14"
26,2021-10-21T19:58:09.000Z,1451276642609885193,"are you looking for a creative logo for your business then check out my profile: https://t.co/4uVTpbN0VZ

#DEVCommunity #MachineLearning #Python #IoT #flutter #AI #javascript #100DaysOfMLCode #womenwhocode #RStats #Serverless #CodeNewbie     #100DaysOfCode #DataScience"
27,2021-10-21T19:58:03.000Z,1451276617112866821,"10 Tips for Data Science for Children: https://t.co/ZeR0VWBkGe

#DataScience #IoT #ArtificiallIntelligence #MachineLearning #BigData #Analytics | RT @analyticsinme https://t.co/mvCGdyHflj"
28,2021-10-21T19:57:54.000Z,1451276580567797768,Data Science &amp; Deep Learning for Business 20 Case Studies https://t.co/tb172rr87v  #machinelearning #datascience #bigdata #AI #learning #elearning #ad
29,2021-10-21T19:57:07.000Z,1451276382378549254,"üí•The future of automous construction to the next level!

#AI #MachineLearning #Robotics @gigadgets_

https://t.co/lgiFVUrwWB"
30,2021-10-21T19:56:53.000Z,1451276321603170307,Machine Learning for Time Series Data in Python. This course focuses on feature engineering and machine learning for time series data https://t.co/GHQlFsXrrb #python #machinelearning #datascience
31,2021-10-21T19:56:37.000Z,1451276256440471553,The latest Accounting Daily! https://t.co/eTK5IVyNvt Thanks to @tstening90 @eulengezerre #ai #machinelearning
32,2021-10-21T19:56:35.000Z,1451276249691738114,Python Data Science Handbook: Essential Tools for Working with Data https://t.co/AY1ryWf94Z  #books #ebooks #machinelearning #datascience #artificialintelligence #learning #DataScientist #ad
33,2021-10-21T19:55:11.000Z,1451275894388109321,"I made Customer Transaction Prediction Model using LGBM in competition. And its easy to read and understand for beginners like me üôÇ 

Thanks a lot

#machinelearning #artificialintelligence #ai  #yapayzeka

https://t.co/vWaF5epGwZ"
34,2021-10-21T19:55:10.000Z,1451275889266896901,"#Infographic: Learn more about the three different types of #machinelearning! Via @ingliguori

#datascience #machinelearning #python #artificialintelligence #ai #data #dataanalytics #bigdata #deeplearning #programming #coding #technology #datascientist #computerscience https://t.co/YxXlTZLE7h"
35,2021-10-21T19:55:03.000Z,1451275861009879045,I've just updated my webpage with some great articles. Check it out https://t.co/PrIyaHUeMx Special thanks to @AndrewFrancis5 @DoEcorruption @AboobakerTayub #ai #machinelearning
36,2021-10-21T19:55:01.000Z,1451275854919749640,"Start learning today! The IEEE Learning Network (ILN) is offering 10 select courses at US $10 each up until 30 October. Get courses on #5G, #MachineLearning, #Blockchain and more. See the courses today. #ContinuingEducation #IEEEDay21 #IEEELearn https://t.co/6ru4iWfH5R"
37,2021-10-21T19:55:00.000Z,1451275847730548736,"""The Rise Of Chatbots: How AI Is Changing Customer Service""
Contact us now-+91- 7067100428
Mail us-info@adspltech.net
Visit us -www.adspltech.net
#artificialintelligence #machinelearning #automation #chatbotservice https://t.co/DyUylmdHf6"
38,2021-10-21T19:54:39.000Z,1451275760799555589,The latest It's Just Crazy...! https://t.co/Cv0cdA5hkA #ai #machinelearning
39,2021-10-21T19:53:20.000Z,1451275428136579094,"are you looking for a creative logo for your business then check out my profile: https://t.co/4uVTpbN0VZ

#DEVCommunity #MachineLearning #Python #IoT #flutter #AI #javascript #100DaysOfMLCode #womenwhocode #RStats #Serverless #CodeNewbie #DataScience #100DaysOfCode"
40,2021-10-21T19:53:16.000Z,1451275413141942272,"https://t.co/yPbygBDU4s
What if you quit your job today?
What would you do with the rest of your time?
 #BigData #Analytics #DataScience #AI #MachineLearning #JavaScript"
41,2021-10-21T19:52:06.000Z,1451275121247744005,#artificialintelligence #analytics #datascience #machinelearning The #1 Mistake Companies Make When Creating Their Data Science Foundation https://t.co/PfsnnGK0oA
42,2021-10-21T19:51:59.000Z,1451275090629468160,#hclswlobp #nocode #lowcode #javascript #github #nodejs #cybersecurity #devops #100DaysOfCode #datascience #ai #bot #codenewbie #iot #machinelearning #DEVCommunity #Python #Serverless #womenintech #cx #flutter #Outlook #Microsoft https://t.co/ZmDAYIAgTT https://t.co/WQby32qf2i
43,2021-10-21T19:51:52.000Z,1451275059704778752,Trusted and Legit Review Service Provider #Learning #machinelearning via https://t.co/l0Y4qQSQ4o https://t.co/spjz9bO2yp
44,2021-10-21T19:51:42.000Z,1451275017992523778,"$evgn #evgn #ai #artificialintelligence #crispr #agriculture #machinelearning #deeplearning #reddit #wallstreetbets

‚úÖ $evgn #evogene #cannabis #medicalcannabis Full commercial launch ahead of schedule‚ùó

To read ‚û°Ô∏è https://t.co/7QoAIwpXST 

üëáüßê https://t.co/sOHGBwL9CL"
45,2021-10-21T19:51:39.000Z,1451275005610930186,"[26/26]

And if you want to learn more about machine learning, then follow me here: @Josh_Ebner 

Every day, I post threads and tutorials about data science and machine learning in R and Python.

#datascience #machinelearning #AI #Python #rstats"
46,2021-10-21T19:51:14.000Z,1451274902179180545,"Developer Jobs 
#wfhjobs #wfh #programming #fullstackdeveloper #java #python #machinelearning #ux #uxdesign #graficdesign https://t.co/bnXNNaW7TU"
47,2021-10-21T19:50:41.000Z,1451274761951236106,#hclswlobp #nocode #lowcode #javascript #github #nodejs #cybersecurity #devops #100DaysOfCode #datascience #ai #bot #codenewbie #iot #machinelearning #DEVCommunity #Python #Serverless #womenintech #cx #flutter #Outlook #Microsoft #UX #adobe https://t.co/1uf4A0vf0g
48,2021-10-21T19:50:06.000Z,1451274615876055057,Zombie Formalist ‚Ññ1 (Circles) | #ZombieFormalist #Art #MachineLearning #GenerativeArt https://t.co/eLh8m9MeRP
49,2021-10-21T19:49:44.000Z,1451274522359967750,"Artificial Intelligence Technology Solutions, Inc. Raises Q3 FY 2022 Revenue Guidance - WFMZ Allentown

Read more here: https://t.co/zQfgoGnjKs

#ArtificialIntelligence #AI #DataScience #100DaysOfCode #Python #MachineLearning #BigData #DeepLearning #NLP #Robots #IoT"
50,2021-10-21T19:49:31.000Z,1451274468442218506,"Pursuing Autonomous Cars Raises Anguish On Surfacing Taboo AI Forbidden Fruit¬† https://t.co/hzwYCb0lXd #AI #MachineLearning #DataScience #ArtificialIntelligence

Trending AI/ML Article Identified &amp; Digested via Granola; a Machine-Driven RSS Bot by Ramsey Elbasheer https://t.co/zCOkRzuxD9"
51,2021-10-21T19:49:28.000Z,1451274455058194443,#hclswlobp #nocode #lowcode #javascript #github #nodejs #cybersecurity #devops #100DaysOfCode #datascience #ai #bot #codenewbie #iot #machinelearning #DEVCommunity #Python #Serverless #womenintech #cx #flutter #Outlook #Microsoft #UX #adobe https://t.co/WHASWLxtf7
52,2021-10-21T19:49:02.000Z,1451274347591737352,"An Enlightened Future with #ArtificialIntelligence 
by @DeepLearn007 @BBNTimes_en

Read more: https://t.co/2GujqLSvuA

#AI #MachineLearning #IoT #BigData #MedTech #Cloud #ML #Fintech #Digital #DataScience

Cc: @marketbuildr @amuellerml @insightbrief https://t.co/R8ZKHGatyB"
53,2021-10-21T19:48:55.000Z,1451274317132562432,"Chatbots can help businesses save up to 30% on customer support. How is this possible? Today's smart bots can not only answer FAQs, but they can be trained to comb your website, blogs, PDFs, etc. and learn. Welcome to the #future.

#chatbots #AI #machinelearning #customerservice https://t.co/n3WJp0cRir"
54,2021-10-21T19:48:41.000Z,1451274258034876423,#hclswlobp #nocode #lowcode #javascript #github #nodejs #cybersecurity #devops #100DaysOfCode #datascience #ai #bot #codenewbie #iot #machinelearning #DEVCommunity #Python #Serverless #womenintech #cx #flutter #Outlook #Microsoft #UX #adobe https://t.co/RdgK59MNP0
55,2021-10-21T19:48:38.000Z,1451274248656392195,"[25/26]

If you want to read the full article upon which this thread is based, you can read it here:

https://t.co/Pp5ahSXeIa

#datascience #AI #MachineLearning"
56,2021-10-21T19:48:36.000Z,1451274237222785024,"[22/26]

Specifically, you could use k-means clustering to identify these clusters in the data.

(K-means is a common unsupervised learning technique.)

#datascience #AI #MachineLearning https://t.co/eiDX40MTct"
57,2021-10-21T19:48:33.000Z,1451274226871246857,"[20/26]

Let's say you have a dataset.

The dataset has 2 X variables (but the Y variable is absent).

If you plot the data, you (as a human) can see that there is structure in the data.

#datascience #AI #MachineLearning https://t.co/6XzbYflDgD"
58,2021-10-21T19:48:32.000Z,1451274222370803719,"[19/26]

A quintessential example of this is the use of *clustering* algorithms to find groups in a dataset

#datascience #AI #MachineLearning #data"
59,2021-10-21T19:48:31.000Z,1451274219459944456,"[18/26]

Unsupervised learning typically serves a different function.

We typically use unsupervised learning to find structure in the input data.

#datascience #AI #MachineLearning #data https://t.co/yD3CVR9UXK"
60,2021-10-21T19:48:30.000Z,1451274214531551232,"[17/26]

For a machine learning beginner, this might seem strange:

In unsupervised learning, there's no target Y variable to predict.

Isn't machine learning about predicting things?

No ... not always.

#datascience #AI #MachineLearning"
61,2021-10-21T19:48:30.000Z,1451274212438646800,"[16/26]

In unsupervised learning, there's no structured output to predict.

#datascience #AI #MachineLearning"
62,2021-10-21T19:48:29.000Z,1451274210165280774,"[15/26]

Remember: in unsupervised learning, the data has input X variables ...

But the target Y variable is completely absent.

#datascience #AI #MachineLearning https://t.co/61lfrrYvzy"
63,2021-10-21T19:48:27.000Z,1451274200430305282,"[13/26]

In supervised learning, the target Y variable supervises the learning process.

#datascience #AI #MachineLearning https://t.co/DOR0pYcjVy"
64,2021-10-21T19:48:25.000Z,1451274194377973761,"[12/26]

The Y variable acts as a point of reference so the algorithm can check itself and correct its errors.

The model learns to make predictions, and can then compare its predictions against the actual Y variable.

#datascience #AI #MachineLearning https://t.co/M2D9H6MFxk"
65,2021-10-21T19:48:25.000Z,1451274190326308864,"[11/26]

But why do we call it ""supervised"" learning?

Because the Y variable *supervises* the learning algorithm when we train the model.

#datascience #AI #MachineLearning"
66,2021-10-21T19:48:24.000Z,1451274188401094657,"[10/26]

When we train a supervised learning model, we use an algorithm that learns how to predict Y on the basis of the X variables.

That's really it!

#datascience #AI #MachineLearning"
67,2021-10-21T19:48:24.000Z,1451274186370977793,"[9/26]

But in supervised learning, there is also a ""Y"" variable that we're trying to predict.

#datascience #AI #MachineLearning"
68,2021-10-21T19:48:23.000Z,1451274182923366405,"[8/26]

These input variables are sometimes called the X variables

They are also sometimes called ""predictors"" or ""features""

#datascience #AI #MachineLearning https://t.co/qGRJ1N92qs"
69,2021-10-21T19:48:22.000Z,1451274178498338827,"[7/26]

When we do supervised learning, the data has both *input* variables and a *target* variable.

#datascience #AI #MachineLearning https://t.co/K6znMkLsbo"
70,2021-10-21T19:48:20.000Z,1451274172643037194,"[5/26]

That being said, it can be helpful to understand the difference between regression and classification as well.

You can read about regression vs. classification here:

https://t.co/CDeTYZOjXF

#datascience #AI #MachineLearning"
71,2021-10-21T19:48:19.000Z,1451274167924449288,"[3/26]

The essential difference between supervised and unsupervised learning has to do with the *data*

In supervised learning, there is a so-called ""target"" variable that we're trying to predict.

In UNsupervised learning, there is no target.

#datascience #AI #MachineLearning https://t.co/rdTGcqF22w"
72,2021-10-21T19:48:18.000Z,1451274162459316230,"[2/26]

If you've started studying machine learning, you've probably heard the terms ""supervised"" and ""unsupervised"".

These terms often confuse beginners in ML and data science.

So here, I'll quickly explain.

#datascience #AI #MachineLearning"
73,2021-10-21T19:48:17.000Z,1451274159909113869,"Supervised vs Unsupervised Machine Learning

A thread ...

[1/26]

https://t.co/Pp5ahSXeIa

#datascience #data #AI #machinelearning https://t.co/LNJdOLkzwh"
74,2021-10-21T19:48:09.000Z,1451274126732169224,#hclswlobp #nocode #lowcode #javascript #github #nodejs #cybersecurity #devops #100DaysOfCode #datascience #ai #bot #codenewbie #iot #machinelearning #DEVCommunity #Python #Serverless #womenintech #cx #flutter #Outlook #Microsoft https://t.co/pC9enY0DjE https://t.co/0VCtEzccnc
75,2021-10-21T19:48:06.000Z,1451274112991731714,"How Content-based Image Retrieval Works
https://t.co/KFScbgAeZv
@Analytics_699

#100DaysOfCode #DataScience #Analytics #BigData #AI #MachineLearning #ML #IoT #IIoT #Python #Rstats #NLP #Serverless #CloudComputing #SmartHome #Robotics #RPA #AR #VR #MR #fintech #Coding #programming https://t.co/SK6zT0bRJY https://t.co/okITbmD88s"
76,2021-10-21T19:47:58.000Z,1451274080129372163,@Isaraisheridake @onhicetnunc @hicetnunc2000 Come join the @quantum_folks community @hicetnunc2000 and catch some #creaturesoftheglitch #glitch #nfts #machinelearning #metafauxc üôè https://t.co/eTPCFNUK38
77,2021-10-21T19:47:35.000Z,1451273981768654851,"""We're leveraging a massive amount of #AI and #machinelearning to reverse the adversary advantage"" CEO and Co-Founder @liordiv on @CNBC #Disruptor50 Summit"
78,2021-10-21T19:47:31.000Z,1451273966589468682,#hclswlobp #nocode #lowcode #javascript #github #nodejs #cybersecurity #devops #100DaysOfCode #datascience #ai #bot #codenewbie #iot #machinelearning #DEVCommunity #Python #Serverless #womenintech #cx #flutter #Outlook #Microsoft #UX #adobe https://t.co/7n1iWhhnMt
79,2021-10-21T19:47:17.000Z,1451273906845847554,Ransomware Decryption Intelligence #BigData #learning #machinelearning via https://t.co/z14Gedcetf https://t.co/z58VcaA72Q
80,2021-10-21T19:47:12.000Z,1451273884855046153,#hclswlobp #nocode #lowcode #javascript #github #nodejs #cybersecurity #devops #100DaysOfCode #datascience #ai #bot #codenewbie #iot #machinelearning #DEVCommunity #Python #Serverless #womenintech #cx #flutter #Outlook #Microsoft #UX #adobe https://t.co/bJrD639tMz
81,2021-10-21T19:46:56.000Z,1451273819692404741,#hclswlobp #nocode #lowcode #javascript #github #nodejs #cybersecurity #devops #100DaysOfCode #datascience #ai #bot #codenewbie #iot #machinelearning #DEVCommunity #Python #Serverless #womenintech #cx #flutter #Outlook #Microsoft https://t.co/z76jFjwNgr https://t.co/mlOGh7i3Zu
82,2021-10-21T19:46:32.000Z,1451273719935086592,The latest #InsideSales Daily News! https://t.co/j589MJ06M3 Thanks to @petercoffee @gregbd @MSWindowsITPro #ai #machinelearning
83,2021-10-21T19:46:16.000Z,1451273653010714624,#hclswlobp #nocode #lowcode #javascript #github #nodejs #cybersecurity #devops #100DaysOfCode #datascience #ai #bot #codenewbie #iot #machinelearning #DEVCommunity #Python #Serverless #womenintech #cx #flutter #Outlook #Microsoft #UX #adobe https://t.co/HZgRM7AWiC
84,2021-10-21T19:46:01.000Z,1451273588242370563,#hclswlobp #nocode #lowcode #javascript #github #nodejs #cybersecurity #devops #100DaysOfCode #datascience #ai #bot #codenewbie #iot #machinelearning #DEVCommunity #Python #Serverless #womenintech #cx #flutter #Outlook #Microsoft #UX #adobe https://t.co/ECtwHhB05f
85,2021-10-21T19:45:45.000Z,1451273523238932484,"Seguimos en VIVO en el #Embdata2021 con nuestras conferencistas.
‚úÖCarolina Huertas - Gerente Agrodat AI
‚úÖHilda Palacios - Presidenta BPO Happify.
‚úÖCarlos Suarez - CEO Innovus Business School
#WOMENEMBDATA #empoweringwomen #womenintech #eventotech #machinelearning https://t.co/93Iu2h3nCI"
86,2021-10-21T19:45:23.000Z,1451273428720361475,The latest The Wisdom Daily! https://t.co/fyUhH96jIc Thanks to @Piiiiiiickles #ai #machinelearning
87,2021-10-21T19:45:15.000Z,1451273396529123331,#hclswlobp #nocode #lowcode #javascript #github #nodejs #cybersecurity #devops #100DaysOfCode #datascience #ai #bot #codenewbie #iot #machinelearning #Python #Serverless #womenintech #flutter #coding  https://t.co/syYiWp5iiF https://t.co/SUSoqjKjI8
88,2021-10-21T19:45:03.000Z,1451273346109382662,"Forget Gen Z, #Fintech Firms Look to Attract Tech-shy ‚ÄòBoomers‚Äô

https://t.co/kKwAMFIHgi

#Finserv #AI #IoT #IIoT #MachineLearning #Finserv #DigitalTransformation 
@stratorob @FGraillot  @Minh_Q_Tran @Gilad_Shai @albertogaruccio @nigelwalsh @floriansemle @bryanfalchuk @nelbro https://t.co/2wRGiQBIVy"
89,2021-10-21T19:45:03.000Z,1451273345111052293,"New #MachineLearning method to analyze complex scientific data of proteins 

https://t.co/4f2Y1Tk8Qs via @EurekAlert 

#BioTech #AI
Cc @andi_staub @jblefevre60 @ahier @AkwyZ @sallyeaves @AghiathChbib @pierrepinna @DeepLearn007 https://t.co/bW9Jgy89kf"
90,2021-10-21T19:45:01.000Z,1451273338630905862,"Software Engineering Manager VP at JPMorgan Chase Bank, N.A (Tampa, FL) https://t.co/QYiUKsWfhW #machinelearning"
91,2021-10-21T19:44:57.000Z,1451273320012333061,"Dr. @DavidR_Silva, Dean of @UTSASciences, delivers day 1 closing remarks at the #AI &amp; #QuantumComputing symposium. Join us tomorrow at 9am ET for day 2! 

#ArtificiallIntelligence #Quantum #MachineLearning https://t.co/QZM93zXUHY"
92,2021-10-21T19:44:21.000Z,1451273170934243334,The latest The Artificial intelligence Daily! https://t.co/1l50zN22zl Via @saadhyudu2011 #ai #machinelearning
93,2021-10-21T19:44:15.000Z,1451273144514269185,The latest Technology Insights! https://t.co/jMDCVSAHdu Thanks to @ThumblessN #ai #machinelearning
94,2021-10-21T19:44:15.000Z,1451273144493170711,DOWNLOAD Kenny G - One Breath #Wapbaze #technology #business #video #machinelearning #education https://t.co/RM1mFfw5MD #endsars #tbt #wcw
95,2021-10-21T19:44:14.000Z,1451273139149676544,DOWNLOAD Kenny G - D√©j√† Vu #Wapbaze #technology #business #video #machinelearning #education https://t.co/g0yk0gIzPv #endsars #tbt #wcw
96,2021-10-21T19:44:13.000Z,1451273133718073346,DOWNLOAD Kenny G - Sunrise #Wapbaze #technology #business #video #machinelearning #education https://t.co/97Fsnebpsl #endsars #tbt #wcw
97,2021-10-21T19:44:11.000Z,1451273128231923734,DOWNLOAD Kenny G - My Devotion #Wapbaze #technology #business #video #machinelearning #education https://t.co/M9cCPYWkH8 #endsars #tbt #wcw
98,2021-10-21T19:44:10.000Z,1451273122796105736,DOWNLOAD Kenny G - G-Walkin` #Wapbaze #technology #business #video #machinelearning #education https://t.co/07K1qvN9JG #endsars #tbt #wcw
99,2021-10-21T19:44:09.000Z,1451273117368651776,DOWNLOAD Kenny G - The Promise #Wapbaze #technology #business #video #machinelearning #education https://t.co/iw78RdjjaB #endsars #tbt #wcw
